"trimestre","ciclo_ini","ciclo_fim","inicio","fim","ano","fase"
"T1","1","6","2026-11-02","2027-01-24","1","Fundamentos"
"T2","7","13","2027-01-25","2027-05-02","1","Fundamentos"
"T3","14","19","2027-05-03","2027-07-25","1","Fundamentos"
"T4","20","26","2027-07-26","2027-10-31","1","Fundamentos"
"T5","27","32","2027-11-01","2028-01-23","2","Aprofundamento"
"T6","33","39","2028-01-24","2028-04-30","2","Aprofundamento"
"T7","40","45","2028-05-01","2028-07-23","2","Aprofundamento"
"T8","46","52","2028-07-24","2028-10-29","2","Aprofundamento"
"T9","53","56","2028-10-30","2028-12-24","3","Reta final"
"T10","57","60","2028-12-25","2029-02-18","3","Reta final"
"T11","61","64","2029-02-19","2029-04-15","3","Reta final"
